{
  "$schema": "https://schema.management.azure.com/schemas/2015-01-01/deploymentTemplate.json#",
  "contentVersion": "1.0.0.0",
  "parameters": {
    "modulesUrl": {
      "type": "string",
      "defaultValue": "https://github.com/yashagarwal1/LinkedRes/raw/master/UpdateLCMforAAPull.zip",
      "metadata": {
        "description": "URL for the DSC configuration package. NOTE: Can be a Github url(raw) to the zip file (this is the default value)"
      }
    },
    "configurationFunction": {
      "type": "string",
      "defaultValue": "UpdateLCMforAAPull.ps1\\ConfigureLCMforAAPull",
      "metadata": {
        "description": "DSC configuration function to call. Should contain filename and function in format fileName.ps1\\configurationfunction"
      }
    },
    "nodeConfigurationName": {
      "type": "string",
      "metadata": {
        "description": "The name of the node configuration, on the Azure Automation DSC pull server, that this node will be configured as"
      }
    },
    "configurationMode": {
      "type": "string",
      "defaultValue": "ApplyAndMonitor",
      "allowedValues": [
        "ApplyOnly",
        "ApplyAndMonitor",
        "ApplyAndAutoCorrect"
      ],
      "metadata": {
        "description": "DSC agent (LCM) configuration mode setting. ApplyOnly, ApplyAndMonitor, or ApplyAndAutoCorrect"
      }
    },
    "configurationModeFrequencyMins": {
      "type": "int",
      "defaultValue": 15,
      "metadata": {
        "description": "DSC agent (LCM) configuration mode frequency setting, in minutes"
      }
    },
    "refreshFrequencyMins": {
      "type": "int",
      "defaultValue": 30,
      "metadata": {
        "description": "DSC agent (LCM) refresh frequency setting, in minutes"
      }
    },
    "rebootNodeIfNeeded": {
      "type": "bool",
      "defaultValue": true,
      "metadata": {
        "description": "DSC agent (LCM) rebootNodeIfNeeded setting"
      }
    },
    "actionAfterReboot": {
      "type": "string",
      "defaultValue": "ContinueConfiguration",
      "allowedValues": [
        "ContinueConfiguration",
        "StopConfiguration"
      ],
      "metadata": {
        "description": "DSC agent (LCM) actionAfterReboot setting. ContinueConfiguration or StopConfiguration"
      }
    },
    "allowModuleOverwrite": {
      "type": "bool",
      "defaultValue": false,
      "metadata": {
        "description": "DSC agent (LCM) allowModuleOverwrite setting"
      }
    },
    "location": {
      "type": "string",
      "defaultValue": "[resourceGroup().location]",
      "metadata": {
        "description": "Location for all resources."
      }
    },
    "vm1vsName": {
      "type": "string",
      "minLength": 1
    },
    "accountName": {
      "type": "string",
      "metadata": {
        "description": "The name of the Azure Automation account to deploy to."
      }
    },
    "autokey": { "type": "securestring" },
    "autoUrl": { "type": "string" }

  },
  "variables": {
    "comment": "Azure QuickStarts"
  },
  "resources": [
    {
      "type": "Microsoft.Compute/virtualMachines/extensions",
      "name": "[concat(parameters('vm1vsName'),'/Microsoft.Powershell.DSC')]",
      "apiVersion": "2015-06-15",
      "location": "[parameters('location')]",
      "properties": {
        "publisher": "Microsoft.Powershell",
        "type": "DSC",
        "typeHandlerVersion": "2.77",
        "autoUpgradeMinorVersion": true,
        "protectedSettings": {
          "Items": {
            "registrationKeyPrivate": "[parameters('autokey')]"
          }
        },
        "settings": {
          "ModulesUrl": "[parameters('modulesUrl')]",
          "SasToken": "",
          "ConfigurationFunction": "[parameters('configurationFunction')]",
          "Properties": [
            {
              "Name": "RegistrationKey",
              "Value": {
                "UserName": "PLACEHOLDER_DONOTUSE",
                "Password": "PrivateSettingsRef:registrationKeyPrivate"
              },
              "TypeName": "System.Management.Automation.PSCredential"
            },
            {
              "Name": "RegistrationUrl",
              "Value": "[parameters('autoUrl')]",
              "TypeName": "System.String"
            },
            {
              "Name": "NodeConfigurationName",
              "Value": "[parameters('nodeConfigurationName')]",
              "TypeName": "System.String"
            },
            {
              "Name": "ConfigurationMode",
              "Value": "[parameters('configurationMode')]",
              "TypeName": "System.String"
            },
            {
              "Name": "ConfigurationModeFrequencyMins",
              "Value": "[parameters('configurationModeFrequencyMins')]",
              "TypeName": "System.Int32"
            },
            {
              "Name": "RefreshFrequencyMins",
              "Value": "[parameters('refreshFrequencyMins')]",
              "TypeName": "System.Int32"
            },
            {
              "Name": "RebootNodeIfNeeded",
              "Value": "[parameters('rebootNodeIfNeeded')]",
              "TypeName": "System.Boolean"
            },
            {
              "Name": "ActionAfterReboot",
              "Value": "[parameters('actionAfterReboot')]",
              "TypeName": "System.String"
            },
            {
              "Name": "AllowModuleOverwrite",
              "Value": "[parameters('allowModuleOverwrite')]",
              "TypeName": "System.Boolean"
            }
          ]
        }
      }
    }
  ],
  "outputs": {
  }
}
