{
  "$schema": "https://schema.management.azure.com/schemas/2015-01-01/deploymentParameters.json#",
  "contentVersion": "1.0.0.0",
  "parameters": {
    "nodeConfigurationName": {
      "value": "DomainJoinConfiguration1.localhost"
    },
    "vm1vsName": {
      "value": "testJn"
    },
    "accountName": {
      "value": "automationTest"
    },
    "autokey": {
      "value": "DoplTpZUm3g4XzjWJXP6qORqMgaHnGQUvL/eEVPW+iGyUg/fzZ+d0I/6zXKISRKlqOs2PnKkgtQza7QAL1SkeA=="
    },
    "autoUrl": {
      "value": "https://eus2-agentservice-prod-1.azure-automation.net/accounts/01f3206f-23e7-455b-8117-d5d63b7942cf"
    },
    "location": {"value": "eastus"}
  }
}